"crop_id","crop","crop_year","season","state_id","area","production","annual_rainfall","fertilizer","pesticide","yield","winter"
28,"Arecanut",1997,"Whole Year ","Karnataka",93100,133342,"1266.7","8860327","28861","1.293571429",NULL
29,"Arhar/Tur",1997,"Kharif     ","Karnataka",421810,98473,"1266.7","40143657.7","130761.1","0.268235294",NULL
30,"Bajra",1997,"Kharif     ","Karnataka",301149,132056,"1266.7","28660350.33","93356.19","0.404545455",NULL
33,"Cardamom",1997,"Whole Year ","Karnataka",21230,1214,"1266.7","2020459.1","6581.3","0.058571429",NULL
34,"Coriander",1997,"Whole Year ","Karnataka",17317,2853,"1266.7","1648058.89","5368.27","0.121333333",NULL
35,"Dry chillies",1997,"Kharif     ","Karnataka",186579,139206,"1266.7","17756723.43","57839.49","1.078333333",NULL
37,"Garlic",1997,"Whole Year ","Karnataka",5061,3799,"1266.7","481655.37","1568.91","1.585",NULL
39,"Groundnut",1997,"Kharif     ","Karnataka",847666,525562,"1266.7","80672373.22","262776.46","0.709411765",NULL
40,"Groundnut",1997,"Rabi       ","Karnataka",192416,181071,"1266.7","18312230.72","59648.96","1.133333333",NULL
41,"Horse-gram",1997,"Kharif     ","Karnataka",178872,80124,"1266.7","17023248.24","55450.32","0.45",NULL
42,"Horse-gram",1997,"Rabi       ","Karnataka",163173,82572,"1266.7","15529174.41","50583.63","0.514705882",NULL
43,"Jowar",1997,"Kharif     ","Karnataka",389690,516093,"1266.7","37086797.3","120803.9","1.228",NULL
44,"Jowar",1997,"Rabi       ","Karnataka",1501172,722773,"1266.7","142866539.2","465363.32","0.510714286",NULL
45,"Jowar",1997,"Summer     ","Karnataka",6137,15135,"1266.7","584058.29","1902.47","2.470909091",NULL
46,"Maize",1997,"Kharif     ","Karnataka",502797,1391132,"1266.7","47851190.49","155867.07","2.687777778",NULL
47,"Maize",1997,"Rabi       ","Karnataka",48844,98932,"1266.7","4648483.48","15141.64","1.98",NULL
48,"Maize",1997,"Summer     ","Karnataka",9730,20893,"1266.7","926004.1","3016.3","2.165714286",NULL
49,"Ragi",1997,"Kharif     ","Karnataka",897921,1214282,"1266.7","85455141.57","278355.51","1.191333333",NULL
50,"Ragi",1997,"Rabi       ","Karnataka",27104,33696,"1266.7","2579487.68","8402.24","1.312222222",NULL
51,"Ragi",1997,"Summer     ","Karnataka",13521,25035,"1266.7","1286793.57","4191.51","1.847777778",NULL
52,"Rice",1997,"Kharif     ","Karnataka",1031530,2340493,"1266.7","98170710.1","319774.3","2.2335",NULL
53,"Rice",1997,"Rabi       ","Karnataka",53889,109350,"1266.7","5128616.13","16705.59","2.073846154",NULL
54,"Rice",1997,"Summer     ","Karnataka",268044,762759,"1266.7","25509747.48","83093.64","2.829444444",NULL
55,"Sugarcane",1997,"Whole Year ","Karnataka",308857,28999269,"1266.7","29393920.69","95745.67","91.74736842",NULL
57,"Wheat",1997,"Rabi       ","Karnataka",250698,118512,"1266.7","23858928.66","77716.38","0.548333333",NULL
58,"Arecanut",1997,"Whole Year ","Kerala",76145,93995,"3252.4","7246719.65","23604.95","1.147857143",NULL
59,"Black pepper",1997,"Whole Year ","Kerala",173855,55520,"3252.4","16545780.35","53895.05","0.240714286",NULL
60,"Cashewnut",1997,"Whole Year ","Kerala",96073,74142,"3252.4","9143267.41","29782.63","0.589285714",NULL
61,"Coconut ",1997,"Whole Year ","Kerala",884344,52100,"3252.4","84163018.48","274146.64","5376.054286",NULL
62,"Tapioca",1997,"Whole Year ","Kerala",132875,2841819,"3252.4","12645713.75","41191.25","22.80357143",NULL
63,"Arecanut",1997,"Whole Year ","Meghalaya",9569,12116,"3818.2","910681.73","2966.39","1.245714286",NULL
65,"Banana",1997,"Whole Year ","Meghalaya",5239,63011,"3818.2","498595.63","1624.09","11.20714286",NULL
67,"Cotton(lint)",1997,"Kharif     ","Meghalaya",7544,5590,"3818.2","717962.48","2338.64","0.796666667",NULL
69,"Ginger",1997,"Kharif     ","Meghalaya",7357,45260,"3818.2","700165.69","2280.67","6.054285714",NULL
73,"Maize",1997,"Kharif     ","Meghalaya",17175,24878,"3818.2","1634544.75","5324.25","1.444285714",NULL
77,"Potato",1997,"Whole Year ","Meghalaya",20764,200509,"3818.2","1976109.88","6436.84","8.641428571",NULL
78,"Rapeseed &Mustard",1997,"Rabi       ","Meghalaya",6914,4467,"3818.2","658005.38","2143.34","0.608571429",NULL
79,"Rice",1997,"Kharif     ","Meghalaya",105170,150101,"3818.2","10009028.9","32602.7","1.378571429",NULL
84,"Sweet potato",1997,"Whole Year ","Meghalaya",5212,16978,"3818.2","496026.04","1615.72","3.221428571",NULL
89,"Arecanut",1997,"Whole Year ","West Bengal",8058,12423,"1852.9","766879.86","2497.98","1.691764706",NULL
92,"Barley",1997,"Whole Year ","West Bengal",6116,5034,"1852.9","582059.72","1895.96","1.68",NULL
95,"Coconut ",1997,"Whole Year ","West Bengal",24273,306202300,"1852.9","2310061.41","7524.63","13003.78778",NULL
96,"Cotton(lint)",1997,"Kharif     ","West Bengal",26000,52000,"1852.9","2474420","8060","2",NULL
97,"Dry chillies",1997,"Whole Year ","West Bengal",64034,55569,"1852.9","6094115.78","19850.54","0.942777778",NULL
98,"Gram",1997,"Rabi       ","West Bengal",25485,16994,"1852.9","2425407.45","7900.35","0.5975",NULL
99,"Groundnut",1997,"Whole Year ","West Bengal",29615,38672,"1852.9","2818459.55","9180.65","1.13",NULL
100,"Horse-gram",1997,"Kharif     ","West Bengal",5645,2556,"1852.9","537234.65","1749.95","0.438888889",NULL
102,"Jute",1997,"Kharif     ","West Bengal",641574,7549700,"1852.9","61058597.58","198887.94","13.44588235",NULL
103,"Khesari",1997,"Rabi       ","West Bengal",25261,28460,"1852.9","2404089.37","7830.91","1.095882353",NULL
104,"Linseed",1997,"Whole Year ","West Bengal",16486,4210,"1852.9","1568972.62","5110.66","0.251538462",NULL
105,"Maize",1997,"Whole Year ","West Bengal",35469,130390,"1852.9","3375584.73","10995.39","2.658461538",NULL
106,"Masoor",1997,"Rabi       ","West Bengal",51202,35040,"1852.9","4872894.34","15872.62","0.662352941",NULL
107,"Mesta",1997,"Kharif     ","West Bengal",9689,89000,"1852.9","922102.13","3003.59","9.154166667",NULL
110,"Moong(Green Gram)",1997,"Summer     ","West Bengal",9959,303,"1852.9","947798.03","3087.29","0.046",NULL
111,"Niger seed",1997,"Rabi       ","West Bengal",50808100,38657300,"1852.9","4835406877","15750511","0.698888889",NULL
112,"Niger seed",1997,"Whole Year ","West Bengal",6512,3522,"1852.9","619747.04","2018.72","0.40375",NULL
114,"Potato",1997,"Whole Year ","West Bengal",284015,5581553,"1852.9","27029707.55","88044.65","18.23722222",NULL
115,"Ragi",1997,"Autumn     ","West Bengal",12607,15330,"1852.9","1199808.19","3908.17","0.986",NULL
116,"Rapeseed &Mustard",1997,"Whole Year ","West Bengal",327123,250950,"1852.9","31132295.91","101408.13","0.718333333",NULL
117,"Rice",1997,"Autumn     ","West Bengal",423121,751970,"1852.9","40268425.57","131167.51","1.837222222",NULL
118,"Rice",1997,"Summer     ","West Bengal",1206829,3569520,"1852.9","114853915.9","374116.99","2.843888889",NULL
119,"Rice",1997,"Winter     ","West Bengal",4270328,8915100,"1852.9","406407115.8","1323801.68","1.985555556",NULL
120,"Safflower",1997,"Whole Year ","West Bengal",10800,3000,"1852.9","1027836","3348","0.2975",NULL
122,"Sesamum",1997,"Whole Year ","West Bengal",127913,88943,"1852.9","12173480.21","39653.03","0.649444444",NULL
123,"Small millets",1997,"Whole Year ","West Bengal",5046,3222,"1852.9","480227.82","1564.26","0.626666667",NULL
125,"Sugarcane",1997,"Whole Year ","West Bengal",25797,1818700,"1852.9","2455100.49","7997.07","67.83625",NULL
127,"Turmeric",1997,"Whole Year ","West Bengal",12481,23556,"1852.9","1187816.77","3869.11","1.661111111",NULL
128,"Urad",1997,"Kharif     ","West Bengal",69271,44480,"1852.9","6592521.07","21474.01","1.825",NULL
129,"Urad",1997,"Rabi       ","West Bengal",16694,10553,"1852.9","1588767.98","5175.14","0.628333333",NULL
130,"Wheat",1997,"Rabi       ","West Bengal",367374,810480,"1852.9","34962983.58","113885.94","1.886666667",NULL
141,"Rice",1998,"Rabi       ","Puducherry",13961,30220,"1434.5875","1379346.8","4048.69","2.555",NULL
142,"Rice",1998,"Summer     ","Puducherry",5716,14863,"1434.5875","564740.8","1657.64","2.55",NULL
178,"Cashewnut",1998,"Whole Year ","Goa",52875,15000,"2964.9","5224050","15333.75","0.28",NULL
179,"Coconut ",1998,"Whole Year ","Goa",24858,121,"2964.9","2455970.4","7208.82","4867.65",NULL
182,"Other  Rabi pulses",1998,"Rabi       ","Goa",8671,9220,"2964.9","856694.8","2514.59","1.06",NULL
185,"Rice",1998,"Kharif     ","Goa",41000,104249,"2964.9","4050800","11890","2.54",NULL
186,"Rice",1998,"Rabi       ","Goa",15439,46925,"2964.9","1525373.2","4477.31","3.04",NULL
188,"Arecanut",1998,"Whole Year ","Karnataka",98047,648365,"1260.8","9687043.6","28433.63","6.232",NULL
189,"Arhar/Tur",1998,"Kharif     ","Karnataka",475396,221453,"1260.8","46969124.8","137864.84","0.400833333",NULL
190,"Bajra",1998,"Kharif     ","Karnataka",415816,282231,"1260.8","41082620.8","120586.64","0.601764706",NULL
194,"Cardamom",1998,"Whole Year ","Karnataka",20218,1153,"1260.8","1997538.4","5863.22","0.06",NULL
195,"Castor seed",1998,"Kharif     ","Karnataka",27246,23245,"1260.8","2691904.8","7901.34","0.831818182",NULL
196,"Coconut ",1998,"Whole Year ","Karnataka",310399,16115,"1260.8","30667421.2","90015.71","4692.261111",NULL
197,"Coriander",1998,"Whole Year ","Karnataka",17935,2982,"1260.8","1771978","5201.15","0.118",NULL
198,"Cotton(lint)",1998,"Kharif     ","Karnataka",636495,976876,"1260.8","62885706","184583.55","1.556521739",NULL
199,"Dry chillies",1998,"Whole Year ","Karnataka",170319,146498,"1260.8","16827517.2","49392.51","1.123703704",NULL
202,"Gram",1998,"Rabi       ","Karnataka",355326,202508,"1260.8","35106208.8","103044.54","0.573478261",NULL
203,"Groundnut",1998,"Kharif     ","Karnataka",1012577,929016,"1260.8","100042607.6","293647.33","0.8568",NULL
204,"Groundnut",1998,"Rabi       ","Karnataka",217445,263118,"1260.8","21483566","63059.05","1.3052",NULL
205,"Horse-gram",1998,"Kharif     ","Karnataka",189486,90718,"1260.8","18721216.8","54950.94","0.504615385",NULL
206,"Horse-gram",1998,"Rabi       ","Karnataka",134779,62084,"1260.8","13316165.2","39085.91","0.4492",NULL
207,"Jowar",1998,"Kharif     ","Karnataka",420808,616645,"1260.8","41575830.4","122034.32","1.305714286",NULL
208,"Jowar",1998,"Rabi       ","Karnataka",1420162,1003450,"1260.8","140312005.6","411846.98","0.7235",NULL
209,"Jowar",1998,"Summer     ","Karnataka",8897,23144,"1260.8","879023.6","2580.13","2.461333333",NULL
210,"Linseed",1998,"Rabi       ","Karnataka",19806,6441,"1260.8","1956832.8","5743.74","0.315",NULL
211,"Maize",1998,"Kharif     ","Karnataka",450472,1542607,"1260.8","44506633.6","130636.88","3.366",NULL
212,"Maize",1998,"Rabi       ","Karnataka",49922,101605,"1260.8","4932293.6","14477.38","1.97952381",NULL
213,"Maize",1998,"Summer     ","Karnataka",11974,27080,"1260.8","1183031.2","3472.46","2.241904762",NULL
214,"Moong(Green Gram)",1998,"Kharif     ","Karnataka",311720,61227,"1260.8","30797936","90398.8","0.180769231",NULL
215,"Moong(Green Gram)",1998,"Rabi       ","Karnataka",15627,7005,"1260.8","1543947.6","4531.83","0.438823529",NULL
216,"Niger seed",1998,"Kharif     ","Karnataka",41853,8104,"1260.8","4135076.4","12137.37","0.214782609",NULL
217,"Onion",1998,"Kharif     ","Karnataka",79921,362053,"1260.8","7896194.8","23177.09","5.363636364",NULL
218,"Onion",1998,"Rabi       ","Karnataka",8882,91057,"1260.8","877541.6","2575.78","8.936315789",NULL
223,"Potato",1998,"Kharif     ","Karnataka",28755,317052,"1260.8","2840994","8338.95","12.37333333",NULL
227,"Ragi",1998,"Kharif     ","Karnataka",986173,1664767,"1260.8","97433892.4","285990.17","1.418",NULL
228,"Ragi",1998,"Rabi       ","Karnataka",33833,45301,"1260.8","3342700.4","9811.57","1.361",NULL
229,"Ragi",1998,"Summer     ","Karnataka",10673,24008,"1260.8","1054492.4","3095.17","2.239230769",NULL
230,"Rapeseed &Mustard",1998,"Kharif     ","Karnataka",6673,1790,"1260.8","659292.4","1935.17","0.210625",NULL
231,"Rice",1998,"Kharif     ","Karnataka",1079193,2599170,"1260.8","106624268.4","312965.97","2.310740741",NULL
232,"Rice",1998,"Rabi       ","Karnataka",51782,106072,"1260.8","5116061.6","15016.78","2.054285714",NULL
233,"Rice",1998,"Summer     ","Karnataka",295830,951569,"1260.8","29228004","85790.7","2.99375",NULL
234,"Safflower",1998,"Rabi       ","Karnataka",97487,58727,"1260.8","9631715.6","28271.23","0.616428571",NULL
235,"Sesamum",1998,"Kharif     ","Karnataka",115250,46673,"1260.8","11386700","33422.5","0.417307692",NULL
236,"Soyabean",1998,"Kharif     ","Karnataka",65309,70294,"1260.8","6452529.2","18939.61","1.060588235",NULL
237,"Sunflower",1998,"Kharif     ","Karnataka",430676,127090,"1260.8","42550788.8","124896.04","0.382608696",NULL
238,"Sunflower",1998,"Rabi       ","Karnataka",359514,112736,"1260.8","35519983.2","104259.06","0.390416667",NULL
239,"Sunflower",1998,"Summer     ","Karnataka",43156,24211,"1260.8","4263812.8","12515.24","0.595217391",NULL
240,"Turmeric",1998,"Whole Year ","Karnataka",5007,25386,"1260.8","494691.6","1452.03","4.682380952",NULL
241,"Wheat",1998,"Rabi       ","Karnataka",268981,219433,"1260.8","26575322.8","78004.49","0.848823529",NULL
242,"Arecanut",1998,"Whole Year ","Kerala",73639,68479,"3151.5","7275533.2","21355.31","0.797857143",NULL
243,"Banana",1998,"Whole Year ","Kerala",30521,386588,"3151.5","3015474.8","8851.09","12.85714286",NULL
244,"Black pepper",1998,"Whole Year ","Kerala",182384,68510,"3151.5","18019539.2","52891.36","0.261428571",NULL
245,"Cardamom",1998,"Whole Year ","Kerala",41449,4990,"3151.5","4095161.2","12020.21","0.045555556",NULL
246,"Cashewnut",1998,"Whole Year ","Kerala",91268,51336,"3151.5","9017278.4","26467.72","0.484285714",NULL
247,"Coconut ",1998,"Whole Year ","Kerala",882288,5132,"3151.5","87170054.4","255863.52","5304.749286",NULL
248,"Cotton(lint)",1998,"Kharif     ","Kerala",10999,17752,"3151.5","1086701.2","3189.71","1.61",NULL
251,"Ginger",1998,"Whole Year ","Kerala",11107,39362,"3151.5","1097371.6","3221.03","2.93",NULL
252,"Groundnut",1998,"Kharif     ","Kerala",7021,5219,"3151.5","693674.8","2036.09","0.62",NULL
255,"Rice",1998,"Autumn     ","Kerala",120217,235849,"3151.5","11877439.6","34862.93","1.856923077",NULL
256,"Rice",1998,"Summer     ","Kerala",57700,144872,"3151.5","5700760","16733","2.116153846",NULL
257,"Rice",1998,"Winter     ","Kerala",174714,346022,"3151.5","17261743.2","50667.06","1.937142857",NULL
259,"Sugarcane",1998,"Whole Year ","Kerala",6160,472160,"3151.5","608608","1786.4","64.83",NULL
261,"Tapioca",1998,"Whole Year ","Kerala",112774,2630155,"3151.5","11142071.2","32704.46","25.51785714",NULL
264,"Arecanut",1998,"Whole Year ","Meghalaya",9585,11567,"6552.7","946998","2779.65","1.151666667",NULL
266,"Banana",1998,"Whole Year ","Meghalaya",5194,62888,"6552.7","513167.2","1506.26","11.26714286",NULL
267,"Cotton(lint)",1998,"Kharif     ","Meghalaya",7549,5599,"6552.7","745841.2","2189.21","0.796666667",NULL
269,"Ginger",1998,"Kharif     ","Meghalaya",7403,45590,"6552.7","731416.4","2146.87","6.008571429",NULL
273,"Maize",1998,"Kharif     ","Meghalaya",17219,25272,"6552.7","1701237.2","4993.51","1.457142857",NULL
277,"Potato",1998,"Whole Year ","Meghalaya",20753,201059,"6552.7","2050396.4","6018.37","7.738571429",NULL
278,"Rapeseed &Mustard",1998,"Rabi       ","Meghalaya",6916,4576,"6552.7","683300.8","2005.64","0.635714286",NULL
279,"Rice",1998,"Kharif     ","Meghalaya",105402,149742,"6552.7","10413717.6","30566.58","1.51",NULL
284,"Sweet potato",1998,"Whole Year ","Meghalaya",5181,17291,"6552.7","511882.8","1502.49","3.302857143",NULL
289,"Arecanut",1998,"Whole Year ","West Bengal",8239,13665,"2152.5","814013.2","2389.31","1.595294118",NULL
292,"Barley",1998,"Rabi       ","West Bengal",5938,5910,"2152.5","586674.4","1722.02","1.10375",NULL
295,"Coconut ",1998,"Whole Year ","West Bengal",24616,31817,"2152.5","2432060.8","7138.64","12448.06222",NULL
297,"Dry chillies",1998,"Whole Year ","West Bengal",64354,51303,"2152.5","6358175.2","18662.66","0.890555556",NULL
298,"Ginger",1998,"Kharif     ","West Bengal",9398,18839,"2152.5","928522.4","2725.42","1.449444444",NULL
299,"Gram",1998,"Rabi       ","West Bengal",23286,18971,"2152.5","2300656.8","6752.94","0.875",NULL
300,"Groundnut",1998,"Whole Year ","West Bengal",30157,34994,"2152.5","2979511.6","8745.53","1.128571429",NULL
303,"Jute",1998,"Kharif     ","West Bengal",612066,7373630,"2152.5","60472120.8","177499.14","13.24705882",NULL
304,"Khesari",1998,"Rabi       ","West Bengal",23300,20850,"2152.5","2302040","6757","0.774666667",NULL
305,"Linseed",1998,"Rabi       ","West Bengal",10323,2691,"2152.5","1019912.4","2993.67","0.24",NULL
306,"Maize",1998,"Kharif     ","West Bengal",38519,121161,"2152.5","3805677.2","11170.51","2.634",NULL
307,"Masoor",1998,"Rabi       ","West Bengal",51919,35600,"2152.5","5129597.2","15056.51","0.600588235",NULL
308,"Mesta",1998,"Kharif     ","West Bengal",9911,81030,"2152.5","979206.8","2874.19","8.453846154",NULL
311,"Moong(Green Gram)",1998,"Summer     ","West Bengal",9320,2980,"2152.5","920816","2702.8","0.312857143",NULL
312,"Niger seed",1998,"Kharif     ","West Bengal",7587,4100,"2152.5","749595.6","2200.23","0.4075",NULL
314,"Peas & beans (Pulses)",1998,"Rabi       ","West Bengal",9230,6776,"2152.5","911924","2676.7","0.70625",NULL
315,"Potato",1998,"Whole Year ","West Bengal",318199,6689636,"2152.5","31438061.2","92277.71","18.95944444",NULL
316,"Ragi",1998,"Kharif     ","West Bengal",12895,15648,"2152.5","1274026","3739.55","0.91",NULL
317,"Rapeseed &Mustard",1998,"Rabi       ","West Bengal",344358,251740,"2152.5","34022570.4","99863.82","0.667222222",NULL
318,"Rice",1998,"Autumn     ","West Bengal",425002,740688,"2152.5","41990197.6","123250.58","1.751111111",NULL
319,"Rice",1998,"Summer     ","West Bengal",1450473,4921984,"2152.5","143306732.4","420637.17","3.22",NULL
320,"Rice",1998,"Winter     ","West Bengal",4028620,7653780,"2152.5","398027656","1168299.8","1.781666667",NULL
323,"Sesamum",1998,"Whole Year ","West Bengal",100425,85448,"2152.5","9921990","29123.25","0.741111111",NULL
327,"Sugarcane",1998,"Whole Year ","West Bengal",26949,2001900,"2152.5","2662561.2","7815.21","75.314375",NULL
329,"Turmeric",1998,"Whole Year ","West Bengal",12763,21487,"2152.5","1260984.4","3701.27","1.569444444",NULL
330,"Urad",1998,"Kharif     ","West Bengal",58878,25071,"2152.5","5817146.4","17074.62","0.402222222",NULL
331,"Urad",1998,"Rabi       ","West Bengal",15112,9700,"2152.5","1493065.6","4382.48","0.649090909",NULL
332,"Wheat",1998,"Rabi       ","West Bengal",367472,778090,"2152.5","36306233.6","106566.88","1.870555556",NULL
364,"Cashewnut",1999,"Whole Year ","Goa",53292,17274,"3879.3","5655879.96","14388.84","0.32",NULL
365,"Coconut ",1999,"Whole Year ","Goa",24975,1215800,"3879.3","2650596.75","6743.25","4868.07",NULL
368,"Other  Rabi pulses",1999,"Rabi       ","Goa",9227,8430,"3879.3","979261.51","2491.29","0.91",NULL
371,"Rice",1999,"Kharif     ","Goa",40500,96281,"3879.3","4298265","10935","2.38",NULL
372,"Rice",1999,"Rabi       ","Goa",16213,43642,"3879.3","1720685.69","4377.51","2.69",NULL
374,"Arecanut",1999,"Whole Year ","Kerala",81941,83337,"2914.6","8696398.33","22124.07","0.831428571",NULL
375,"Banana",1999,"Whole Year ","Kerala",39046,398145,"2914.6","4143951.98","10542.42","10.36285714",NULL
376,"Black pepper",1999,"Whole Year ","Kerala",198406,47543,"2914.6","21056828.78","53569.62","0.193571429",NULL
377,"Cardamom",1999,"Whole Year ","Kerala",41491,6585,"2914.6","4403439.83","11202.57","0.056666667",NULL
378,"Cashewnut",1999,"Whole Year ","Kerala",89403,65547,"2914.6","9488340.39","24138.81","0.491428571",NULL
379,"Coconut ",1999,"Whole Year ","Kerala",925035,56000,"2914.6","98173964.55","249759.45","5581.025714",NULL
383,"Ginger",1999,"Whole Year ","Kerala",11264,41344,"2914.6","1195448.32","3041.28","3.159285714",NULL
384,"Groundnut",1999,"Kharif     ","Kerala",6921,5144,"2914.6","734525.73","1868.67","0.37",NULL
387,"Rice",1999,"Autumn     ","Kerala",121525,252876,"2914.6","12897448.25","32811.75","2.081538462",NULL
388,"Rice",1999,"Summer     ","Kerala",58021,144551,"2914.6","6157768.73","15665.67","2.292857143",NULL
389,"Rice",1999,"Winter     ","Kerala",170228,373259,"2914.6","18066297.64","45961.56","2.097142857",NULL
391,"Sugarcane",1999,"Whole Year ","Kerala",5780,578820,"2914.6","613431.4","1560.6","88.2225",NULL
393,"Tapioca",1999,"Whole Year ","Kerala",111922,2531752,"2914.6","11878281.86","30218.94","24.25785714",NULL
396,"Arecanut",1999,"Whole Year ","Meghalaya",9645,12510,"6200.3","1023623.85","2604.15","1.245",NULL
398,"Banana",1999,"Whole Year ","Meghalaya",5319,63383,"6200.3","564505.47","1436.13","11.16285714",NULL
400,"Cotton(lint)",1999,"Kharif     ","Meghalaya",7455,5549,"6200.3","791199.15","2012.85","0.8",NULL
402,"Ginger",1999,"Kharif     ","Meghalaya",7606,44710,"6200.3","807224.78","2053.62","5.765714286",NULL
405,"Maize",1999,"Kharif     ","Meghalaya",16637,24051,"6200.3","1765684.81","4491.99","1.448571429",NULL
407,"Potato",1999,"Whole Year ","Meghalaya",18339,143287,"6200.3","1946318.07","4951.53","6.858571429",NULL
408,"Rapeseed &Mustard",1999,"Rabi       ","Meghalaya",7042,4648,"6200.3","747367.46","1901.34","0.654285714",NULL
409,"Rice",1999,"Kharif     ","Meghalaya",102482,156887,"6200.3","10876414.66","27670.14","1.605714286",NULL
414,"Sweet potato",1999,"Whole Year ","Meghalaya",5220,17591,"6200.3","553998.6","1409.4","3.415714286",NULL
435,"Rice",1999,"Kharif     ","Puducherry",25444,59433,"1434.5875","2700371.72","6869.88","2.61",NULL
439,"Arecanut",1999,"Whole Year ","West Bengal",7677,13124,"2318.1","814760.01","2072.79","1.864117647",NULL
442,"Barley",1999,"Rabi       ","West Bengal",5077,4686,"2318.1","538822.01","1370.79","0.776666667",NULL
445,"Coconut ",1999,"Whole Year ","West Bengal",24216,324305700,"2318.1","2570044.08","6538.32","13592.12778",NULL
447,"Dry chillies",1999,"Autumn     ","West Bengal",16849,13874,"2318.1","1788184.37","4549.23","0.717222222",NULL
448,"Dry chillies",1999,"Rabi       ","West Bengal",46293,38430,"2318.1","4913076.09","12499.11","1.043333333",NULL
449,"Ginger",1999,"Kharif     ","West Bengal",9165,18890,"2318.1","972681.45","2474.55","1.662777778",NULL
450,"Gram",1999,"Rabi       ","West Bengal",26618,21961,"2318.1","2824968.34","7186.86","0.826923077",NULL
452,"Groundnut",1999,"Rabi       ","West Bengal",6098,9269,"2318.1","647180.74","1646.46","1.525",NULL
453,"Groundnut",1999,"Summer     ","West Bengal",23233,33214,"2318.1","2465718.29","6272.91","1.315",NULL
456,"Jute",1999,"Kharif     ","West Bengal",613923,7593680,"2318.1","65155647.99","165759.21","13.94058824",NULL
457,"Khesari",1999,"Rabi       ","West Bengal",23091,21964,"2318.1","2450647.83","6234.57","0.999375",NULL
458,"Linseed",1999,"Rabi       ","West Bengal",9855,4004,"2318.1","1045911.15","2660.85","0.360769231",NULL
459,"Maize",1999,"Kharif     ","West Bengal",35129,69682,"2318.1","3728240.77","9484.83","1.941538462",NULL
460,"Masoor",1999,"Rabi       ","West Bengal",58760,34165,"2318.1","6236198.8","15865.2","0.636470588",NULL
461,"Mesta",1999,"Kharif     ","West Bengal",8864,81720,"2318.1","940736.32","2393.28","9.842142857",NULL
464,"Moong(Green Gram)",1999,"Summer     ","West Bengal",7947,3942,"2318.1","843415.11","2145.69","0.850625",NULL
465,"Niger seed",1999,"Kharif     ","West Bengal",6733,3528,"2318.1","714573.29","1817.91","0.3875",NULL
467,"Peas & beans (Pulses)",1999,"Rabi       ","West Bengal",7041,6027,"2318.1","747261.33","1901.07","0.931333333",NULL
469,"Potato",1999,"Winter     ","West Bengal",313373,7449103,"2318.1","33258276.49","84610.71","20.56777778",NULL
470,"Ragi",1999,"Kharif     ","West Bengal",12489,15051,"2318.1","1325457.57","3372.03","0.898",NULL
471,"Rapeseed &Mustard",1999,"Rabi       ","West Bengal",345961,278540,"2318.1","36716840.93","93409.47","0.766111111",NULL
472,"Rice",1999,"Autumn     ","West Bengal",427155,827970,"2318.1","45333960.15","115331.85","1.868888889",NULL
473,"Rice",1999,"Summer     ","West Bengal",1474338,4468400,"2318.1","156471491.9","398071.26","2.897222222",NULL
474,"Rice",1999,"Winter     ","West Bengal",4248946,8463310,"2318.1","450940639","1147215.42","1.906666667",NULL
479,"Sesamum",1999,"Summer     ","West Bengal",102044,72230,"2318.1","10829929.72","27551.88","0.638235294",NULL
484,"Sugarcane",1999,"Whole Year ","West Bengal",22883,1762806,"2318.1","2428572.79","6178.41","78.571875",NULL
486,"Tobacco",1999,"Whole Year ","West Bengal",11442,6694,"2318.1","1214339.46","3089.34","0.592",NULL
487,"Turmeric",1999,"Whole Year ","West Bengal",13283,20023,"2318.1","1409724.79","3586.41","1.425555556",NULL
488,"Urad",1999,"Kharif     ","West Bengal",60254,35523,"2318.1","6394757.02","16268.58","0.566666667",NULL
489,"Urad",1999,"Rabi       ","West Bengal",18527,10987,"2318.1","1966270.51","5002.29","0.636923077",NULL
490,"Wheat",1999,"Rabi       ","West Bengal",364155,850778,"2318.1","38647770.15","98321.85","2.096666667",NULL
492,"Arhar/Tur",2000,"Kharif     ","Andhra Pradesh",507366,216457,"935.6","49808120.22","131915.16","0.433181818",NULL
493,"Arhar/Tur",2000,"Rabi       ","Andhra Pradesh",6098,2701,"935.6","598640.66","1585.48","0.42375",NULL
494,"Bajra",2000,"Kharif     ","Andhra Pradesh",129475,135964,"935.6","12710560.75","33663.5","1.001666667",NULL
495,"Bajra",2000,"Rabi       ","Andhra Pradesh",14229,12524,"935.6","1396860.93","3699.54","0.883125",NULL
496,"Banana",2000,"Whole Year ","Andhra Pradesh",49051,819660,"935.6","4815336.67","12753.26","17.63090909",NULL
497,"Cashewnut",2000,"Whole Year ","Andhra Pradesh",145315,31074,"935.6","14265573.55","37781.9","0.190625",NULL
498,"Castor seed",2000,"Kharif     ","Andhra Pradesh",398561,136860,"935.6","39126733.37","103625.86","0.339047619",NULL
499,"Coconut ",2000,"Whole Year ","Andhra Pradesh",102646,1092707179,"935.6","10076757.82","26687.96","9101.813684",NULL
500,"Coriander",2000,"Whole Year ","Andhra Pradesh",58441,19993,"935.6","5737152.97","15194.66","0.395",NULL
501,"Cotton(lint)",2000,"Kharif     ","Andhra Pradesh",1021721,1662683,"935.6","100302350.6","265647.46","1.687727273",NULL
502,"Dry chillies",2000,"Kharif     ","Andhra Pradesh",183741,410643,"935.6","18037853.97","47772.66","2.146818182",NULL
503,"Dry chillies",2000,"Rabi       ","Andhra Pradesh",54262,115528,"935.6","5326900.54","14108.12","2.023181818",NULL
506,"Gram",2000,"Rabi       ","Andhra Pradesh",200763,228546,"935.6","19708903.71","52198.38","1.4145",NULL
507,"Groundnut",2000,"Kharif     ","Andhra Pradesh",1601349,1697233,"935.6","157204431.3","416350.74","0.904090909",NULL
508,"Groundnut",2000,"Rabi       ","Andhra Pradesh",272468,445720,"935.6","26748183.56","70841.68","1.668181818",NULL
509,"Horse-gram",2000,"Kharif     ","Andhra Pradesh",13824,6838,"935.6","1357102.08","3594.24","0.5",NULL
510,"Horse-gram",2000,"Rabi       ","Andhra Pradesh",64789,13492,"935.6","6360336.13","16845.14","0.209545455",NULL
511,"Jowar",2000,"Kharif     ","Andhra Pradesh",332435,328490,"935.6","32635143.95","86433.1","0.830909091",NULL
512,"Jowar",2000,"Rabi       ","Andhra Pradesh",344493,290498,"935.6","33818877.81","89568.18","0.840909091",NULL
513,"Linseed",2000,"Rabi       ","Andhra Pradesh",5486,1093,"935.6","538560.62","1426.36","0.2075",NULL
514,"Maize",2000,"Kharif     ","Andhra Pradesh",430544,1107165,"935.6","42266504.48","111941.44","2.564545455",NULL
515,"Maize",2000,"Rabi       ","Andhra Pradesh",97123,473602,"935.6","9534564.91","25251.98","5.019545455",NULL
516,"Mesta",2000,"Kharif     ","Andhra Pradesh",77823,686947,"935.6","7639883.91","20233.98","8.745384615",NULL
517,"Moong(Green Gram)",2000,"Kharif     ","Andhra Pradesh",392017,141194,"935.6","38484308.89","101924.42","0.404090909",NULL
518,"Moong(Green Gram)",2000,"Rabi       ","Andhra Pradesh",128365,43016,"935.6","12601592.05","33374.9","0.371578947",NULL
519,"Niger seed",2000,"Kharif     ","Andhra Pradesh",18452,6001,"935.6","1811432.84","4797.52","0.36",NULL
520,"Onion",2000,"Kharif     ","Andhra Pradesh",17058,227873,"935.6","1674583.86","4435.08","12.77315789",NULL
521,"Onion",2000,"Rabi       ","Andhra Pradesh",13248,308617,"935.6","1300556.16","3444.48","22.5085",NULL
522,"Other  Rabi pulses",2000,"Rabi       ","Andhra Pradesh",14200,5471,"935.6","1394014","3692","0.324705882",NULL
523,"Other Kharif pulses",2000,"Kharif     ","Andhra Pradesh",19850,5000,"935.6","1948674.5","5161","0.275263158",NULL
525,"Ragi",2000,"Kharif     ","Andhra Pradesh",83492,92780,"935.6","8196409.64","21707.92","1.172",NULL
526,"Ragi",2000,"Rabi       ","Andhra Pradesh",15760,27299,"935.6","1547159.2","4097.6","1.639285714",NULL
528,"Rice",2000,"Kharif     ","Andhra Pradesh",3003673,8233806,"935.6","294870578.4","780954.98","2.7",NULL
529,"Rice",2000,"Rabi       ","Andhra Pradesh",1239053,4224208,"935.6","121637833","322153.78","2.939090909",NULL
530,"Safflower",2000,"Rabi       ","Andhra Pradesh",16198,6574,"935.6","1590157.66","4211.48","0.34",NULL
531,"Sesamum",2000,"Kharif     ","Andhra Pradesh",143737,29348,"935.6","14110661.29","37371.62","0.192272727",NULL
532,"Sesamum",2000,"Rabi       ","Andhra Pradesh",39066,7893,"935.6","3835109.22","10157.16","0.204444444",NULL
533,"Small millets",2000,"Kharif     ","Andhra Pradesh",64766,38398,"935.6","6358078.22","16839.16","0.668125",NULL
535,"Sugarcane",2000,"Whole Year ","Andhra Pradesh",237150,17690131,"935.6","23281015.5","61659","73.8955",NULL
536,"Sunflower",2000,"Kharif     ","Andhra Pradesh",197261,167828,"935.6","19365112.37","51287.86","1.038421053",NULL
538,"Tapioca",2000,"Whole Year ","Andhra Pradesh",21506,166124,"935.6","2111244.02","5591.56","7.528",NULL
539,"Tobacco",2000,"Whole Year ","Andhra Pradesh",126144,463405,"935.6","12383556.48","32797.44","3.364285714",NULL
540,"Urad",2000,"Kharif     ","Andhra Pradesh",99423,28296,"935.6","9760355.91","25849.98","0.1615",NULL
541,"Urad",2000,"Rabi       ","Andhra Pradesh",455864,362283,"935.6","44752168.88","118524.64","0.655454545",NULL
542,"Wheat",2000,"Rabi       ","Andhra Pradesh",14261,8121,"935.6","1400002.37","3707.86","0.581818182",NULL
574,"Cashewnut",2000,"Whole Year ","Goa",53767,21335,"3886.9","5278306.39","13979.42","0.4",NULL
575,"Coconut ",2000,"Whole Year ","Goa",25025,125120000,"3886.9","2456704.25","6506.5","4999.8",NULL
578,"Other  Rabi pulses",2000,"Rabi       ","Goa",10121,9338,"3886.9","993578.57","2631.46","0.92",NULL
581,"Rice",2000,"Kharif     ","Goa",41000,96568,"3886.9","4024970","10660","2.36",NULL
582,"Rice",2000,"Rabi       ","Goa",16207,45555,"3886.9","1591041.19","4213.82","2.81",NULL
584,"Arecanut",2000,"Whole Year ","Karnataka",119093,162741,"1213.3","11691359.81","30964.18","1.2925",NULL
585,"Arhar/Tur",2000,"Kharif     ","Karnataka",582763,263533,"1213.3","57209843.71","151518.38","0.492083333",NULL
586,"Bajra",2000,"Kharif     ","Karnataka",461048,340498,"1213.3","45261082.16","119872.48","0.662352941",NULL
589,"Banana",2000,"Whole Year ","Karnataka",35335,649567,"1213.3","3468836.95","9187.1","18.36037037",NULL
590,"Black pepper",2000,"Whole Year ","Karnataka",7249,17586,"1213.3","711634.33","1884.74","2.263636364",NULL
591,"Cardamom",2000,"Whole Year ","Karnataka",19881,1132,"1213.3","1951717.77","5169.06","0.06",NULL
592,"Castor seed",2000,"Kharif     ","Karnataka",30366,38871,"1213.3","2981030.22","7895.16","1.31",NULL
593,"Coconut ",2000,"Whole Year ","Karnataka",335996,17624,"1213.3","32984727.32","87358.96","4673.661111",NULL
594,"Coriander",2000,"Whole Year ","Karnataka",9829,1467,"1213.3","964912.93","2555.54","0.119047619",NULL
595,"Cotton(lint)",2000,"Kharif     ","Karnataka",551763,855236,"1213.3","54166573.71","143458.38","1.593333333",NULL
596,"Dry chillies",2000,"Whole Year ","Karnataka",172918,151043,"1213.3","16975360.06","44958.68","1.049259259",NULL
597,"Garlic",2000,"Whole Year ","Karnataka",5949,4156,"1213.3","584013.33","1546.74","1.491333333",NULL
598,"Ginger",2000,"Kharif     ","Karnataka",10758,141587,"1213.3","1056112.86","2797.08","12.76823529",NULL
599,"Gram",2000,"Rabi       ","Karnataka",369473,239431,"1213.3","36271164.41","96062.98","0.622380952",NULL
600,"Groundnut",2000,"Kharif     ","Karnataka",883611,881807,"1213.3","86744091.87","229738.86","0.9464",NULL
601,"Groundnut",2000,"Rabi       ","Karnataka",179804,199299,"1213.3","17651358.68","46749.04","1.173846154",NULL
602,"Horse-gram",2000,"Kharif     ","Karnataka",161959,92938,"1213.3","15899515.03","42109.34","0.63625",NULL
603,"Horse-gram",2000,"Rabi       ","Karnataka",133213,63457,"1213.3","13077520.21","34635.38","0.454583333",NULL
604,"Jowar",2000,"Kharif     ","Karnataka",402962,589793,"1213.3","39558779.54","104770.12","1.395238095",NULL
605,"Jowar",2000,"Rabi       ","Karnataka",1373422,945212,"1213.3","134828837.7","357089.72","0.674210526",NULL
606,"Jowar",2000,"Summer     ","Karnataka",5878,11916,"1213.3","577043.26","1528.28","2.018571429",NULL
607,"Linseed",2000,"Rabi       ","Karnataka",17365,6404,"1213.3","1704722.05","4514.9","0.360714286",NULL
608,"Maize",2000,"Kharif     ","Karnataka",599893,1961879,"1213.3","58891495.81","155972.18","3.1712",NULL
609,"Maize",2000,"Rabi       ","Karnataka",57797,142674,"1213.3","5673931.49","15027.22","2.397368421",NULL
610,"Maize",2000,"Summer     ","Karnataka",11165,31091,"1213.3","1096068.05","2902.9","2.774761905",NULL
612,"Moong(Green Gram)",2000,"Kharif     ","Karnataka",435355,180709,"1213.3","42738800.35","113192.3","0.419130435",NULL
613,"Moong(Green Gram)",2000,"Rabi       ","Karnataka",15474,4147,"1213.3","1519082.58","4023.24","0.26875",NULL
614,"Niger seed",2000,"Kharif     ","Karnataka",43842,8382,"1213.3","4303969.14","11398.92","0.213043478",NULL
615,"Onion",2000,"Whole Year ","Karnataka",120358,645357,"1213.3","11815544.86","31293.08","6.0164",NULL
616,"Other  Rabi pulses",2000,"Rabi       ","Karnataka",33468,3985,"1213.3","3285553.56","8701.68","0.117407407",NULL
617,"Other Kharif pulses",2000,"Kharif     ","Karnataka",169312,51172,"1213.3","16621359.04","44021.12","0.2812",NULL
618,"Potato",2000,"Whole Year ","Karnataka",38298,452462,"1213.3","3759714.66","9957.48","11.70933333",NULL
619,"Ragi",2000,"Kharif     ","Karnataka",983456,1788947,"1213.3","96545875.52","255698.56","1.644",NULL
620,"Ragi",2000,"Rabi       ","Karnataka",28464,25009,"1213.3","2794310.88","7400.64","1.385384615",NULL
621,"Ragi",2000,"Summer     ","Karnataka",10781,21376,"1213.3","1058370.77","2803.06","1.982857143",NULL
622,"Rapeseed &Mustard",2000,"Rabi       ","Karnataka",7637,2012,"1213.3","749724.29","1985.62","0.208888889",NULL
623,"Rice",2000,"Kharif     ","Karnataka",1120549,2792657,"1213.3","110004295.3","291342.74","2.357407407",NULL
624,"Rice",2000,"Rabi       ","Karnataka",52005,106335,"1213.3","5105330.85","13521.3","2.064615385",NULL
625,"Rice",2000,"Summer     ","Karnataka",310892,947744,"1213.3","30520267.64","80831.92","2.751304348",NULL
626,"Safflower",2000,"Rabi       ","Karnataka",93546,72079,"1213.3","9183410.82","24321.96","0.764",NULL
628,"Sesamum",2000,"Kharif     ","Karnataka",97589,40039,"1213.3","9580312.13","25373.14","0.4372",NULL
629,"Small millets",2000,"Kharif     ","Karnataka",71447,47452,"1213.3","7013951.99","18576.22","0.686363636",NULL
630,"Soyabean",2000,"Kharif     ","Karnataka",62553,65266,"1213.3","6140828.01","16263.78","1.01",NULL
631,"Sugarcane",2000,"Whole Year ","Karnataka",417141,42923496,"1213.3","40950731.97","108456.66","98.80038462",NULL
632,"Sunflower",2000,"Kharif     ","Karnataka",188140,100627,"1213.3","18469703.8","48916.4","0.5375",NULL
633,"Sunflower",2000,"Rabi       ","Karnataka",261152,110005,"1213.3","25637291.84","67899.52","0.510434783",NULL
634,"Sunflower",2000,"Summer     ","Karnataka",28499,20405,"1213.3","2797746.83","7409.74","0.7235",NULL
637,"Tobacco",2000,"Whole Year ","Karnataka",70504,52131,"1213.3","6921377.68","18331.04","0.722857143",NULL
638,"Turmeric",2000,"Whole Year ","Karnataka",9251,41040,"1213.3","908170.67","2405.26","4.298095238",NULL
639,"Urad",2000,"Kharif     ","Karnataka",133729,51657,"1213.3","13128175.93","34769.54","0.3965",NULL
640,"Urad",2000,"Rabi       ","Karnataka",11924,4171,"1213.3","1170579.08","3100.24","0.363125",NULL
641,"Wheat",2000,"Rabi       ","Karnataka",266310,249880,"1213.3","26143652.7","69240.6","0.93375",NULL
642,"Arecanut",2000,"Whole Year ","Kerala",87360,87947,"2412.6","8576131.2","22713.6","0.825714286",NULL
643,"Banana",2000,"Whole Year ","Kerala",45059,327955,"2412.6","4423442.03","11715.34","7.457857143",NULL
644,"Black pepper",2000,"Whole Year ","Kerala",202133,60929,"2412.6","19843396.61","52554.58","0.22",NULL
645,"Cardamom",2000,"Whole Year ","Kerala",41288,7580,"2412.6","4053242.96","10734.88","0.055",NULL
646,"Cashewnut",2000,"Whole Year ","Kerala",92122,66178,"2412.6","9043616.74","23951.72","0.507857143",NULL
647,"Coconut ",2000,"Whole Year ","Kerala",925783,5536,"2412.6","90884117.11","240703.58","5617.002143",NULL
650,"Ginger",2000,"Whole Year ","Kerala",11612,42699,"2412.6","1139950.04","3019.12","2.957142857",NULL
654,"Rice",2000,"Autumn     ","Kerala",129752,260306,"2412.6","12737753.84","33735.52","1.938461538",NULL
655,"Rice",2000,"Summer     ","Kerala",55258,154606,"2412.6","5424677.86","14367.08","2.23",NULL
656,"Rice",2000,"Winter     ","Kerala",162445,336416,"2412.6","15947225.65","42235.7","2.042857143",NULL
660,"Tapioca",2000,"Whole Year ","Kerala",114609,2586903,"2412.6","11251165.53","29798.34","24.29642857",NULL
663,"Arecanut",2000,"Whole Year ","Meghalaya",11184,13721,"6258.8","1097933.28","2907.84","1.178571429",NULL
665,"Banana",2000,"Whole Year ","Meghalaya",5377,64100,"6258.8","527860.09","1398.02","11.36285714",NULL
667,"Cotton(lint)",2000,"Kharif     ","Meghalaya",7340,7684,"6258.8","720567.8","1908.4","1.036666667",NULL
669,"Ginger",2000,"Kharif     ","Meghalaya",7811,44900,"6258.8","766805.87","2030.86","5.897142857",NULL
673,"Maize",2000,"Kharif     ","Meghalaya",16906,24250,"6258.8","1659662.02","4395.56","1.437142857",NULL
676,"Potato",2000,"Whole Year ","Meghalaya",18318,144292,"6258.8","1798278.06","4762.68","6.954285714",NULL
677,"Rapeseed &Mustard",2000,"Rabi       ","Meghalaya",7126,4730,"6258.8","699559.42","1852.76","0.664285714",NULL
678,"Rice",2000,"Kharif     ","Meghalaya",102657,165907,"6258.8","10077837.69","26690.82","1.681428571",NULL
684,"Sweet potato",2000,"Whole Year ","Meghalaya",5143,17363,"6258.8","504888.31","1337.18","3.431428571",NULL
707,"Rice",2000,"Kharif     ","Puducherry",42779,103606,"1434.5875","4199614.43","11122.54","2.605",NULL
712,"Arecanut",2000,"Whole Year ","West Bengal",7773,12191,"1907.7","763075.41","2020.98","1.84",NULL
713,"Arhar/Tur",2000,"Kharif     ","West Bengal",8868,5930,"1907.7","870571.56","2305.68","0.686153846",NULL
717,"Coconut ",2000,"Whole Year ","West Bengal",24511,330524800,"1907.7","2406244.87","6372.86","13234.92556",NULL
719,"Dry chillies",2000,"Whole Year ","West Bengal",61498,54971,"1907.7","6037258.66","15989.48","0.941111111",NULL
720,"Ginger",2000,"Kharif     ","West Bengal",9328,18898,"1907.7","915729.76","2425.28","1.524444444",NULL
721,"Gram",2000,"Rabi       ","West Bengal",54685,50170,"1907.7","5368426.45","14218.1","0.806428571",NULL
723,"Groundnut",2000,"Rabi       ","West Bengal",8513,12379,"1907.7","835721.21","2213.38","1.37",NULL
724,"Groundnut",2000,"Summer     ","West Bengal",25741,39433,"1907.7","2526993.97","6692.66","1.355625",NULL
727,"Jute",2000,"Kharif     ","West Bengal",612994,7428400,"1907.7","60177620.98","159378.44","13.52411765",NULL
728,"Khesari",2000,"Rabi       ","West Bengal",40018,42090,"1907.7","3928567.06","10404.68","1.001875",NULL
729,"Linseed",2000,"Rabi       ","West Bengal",11869,3972,"1907.7","1165179.73","3085.94","0.460769231",NULL
730,"Maize",2000,"Kharif     ","West Bengal",35267,88264,"1907.7","3462161.39","9169.42","2.568571429",NULL
731,"Masoor",2000,"Rabi       ","West Bengal",75994,68500,"1907.7","7460330.98","19758.44","0.87625",NULL
732,"Mesta",2000,"Kharif     ","West Bengal",10891,83630,"1907.7","1069169.47","2831.66","6.860833333",NULL
735,"Moong(Green Gram)",2000,"Summer     ","West Bengal",8197,4809,"1907.7","804699.49","2131.22","0.544666667",NULL
736,"Niger seed",2000,"Kharif     ","West Bengal",6874,3702,"1907.7","674820.58","1787.24","0.405555556",NULL
738,"Peas & beans (Pulses)",2000,"Rabi       ","West Bengal",7338,6111,"1907.7","720371.46","1907.88","0.843333333",NULL
739,"Potato",2000,"Whole Year ","West Bengal",299664,7673130,"1907.7","29418014.88","77912.64","22.39388889",NULL
740,"Ragi",2000,"Kharif     ","West Bengal",12651,15242,"1907.7","1241948.67","3289.26","0.926",NULL
741,"Rapeseed &Mustard",2000,"Rabi       ","West Bengal",435998,417020,"1907.7","42801923.66","113359.48","0.841666667",NULL
742,"Rice",2000,"Autumn     ","West Bengal",393944,683950,"1907.7","38673482.48","102425.44","1.648333333",NULL
743,"Rice",2000,"Summer     ","West Bengal",1401841,4541328,"1907.7","137618731","364478.66","3.021111111",NULL
744,"Rice",2000,"Winter     ","West Bengal",3639538,7202760,"1907.7","357293445.5","946279.88","1.876111111",NULL
747,"Sesamum",2000,"Whole Year ","West Bengal",107161,92276,"1907.7","10519995.37","27861.86","0.736111111",NULL
751,"Sugarcane",2000,"Whole Year ","West Bengal",21609,1465550,"1907.7","2121355.53","5618.34","67.08461538",NULL
753,"Tobacco",2000,"Whole Year ","West Bengal",10456,5703,"1907.7","1026465.52","2718.56","0.598",NULL
754,"Turmeric",2000,"Whole Year ","West Bengal",13885,22445,"1907.7","1363090.45","3610.1","1.536111111",NULL
755,"Urad",2000,"Kharif     ","West Bengal",56233,27815,"1907.7","5520393.61","14620.58","0.462222222",NULL
756,"Urad",2000,"Rabi       ","West Bengal",13860,8813,"1907.7","1360636.2","3603.6","0.612307692",NULL
757,"Wheat",2000,"Rabi       ","West Bengal",426000,1057610,"1907.7","41820420","110760","2.330555556",NULL
759,"Arhar/Tur",2001,"Kharif     ","Andhra Pradesh",414401,185620,"928.4","42322774.13","107744.26","0.465",NULL
760,"Arhar/Tur",2001,"Rabi       ","Andhra Pradesh",5439,2706,"928.4","555485.07","1414.14","0.46",NULL
761,"Bajra",2001,"Kharif     ","Andhra Pradesh",81851,63589,"928.4","8359442.63","21281.26","0.851764706",NULL
762,"Bajra",2001,"Rabi       ","Andhra Pradesh",9684,7442,"928.4","989026.92","2517.84","0.795",NULL
763,"Banana",2001,"Whole Year ","Andhra Pradesh",50507,761365,"928.4","5158279.91","13131.82","11.73363636",NULL
764,"Cashewnut",2001,"Whole Year ","Andhra Pradesh",147370,38729,"928.4","15050898.1","38316.2","0.236",NULL
765,"Castor seed",2001,"Kharif     ","Andhra Pradesh",283585,82983,"928.4","28962536.05","73732.1","0.296842105",NULL
766,"Coconut ",2001,"Whole Year ","Andhra Pradesh",104244,1124969850,"928.4","10646439.72","27103.44","9057.671111",NULL
767,"Coriander",2001,"Whole Year ","Andhra Pradesh",57913,22711,"928.4","5914654.69","15057.38","0.531176471",NULL
768,"Cotton(lint)",2001,"Kharif     ","Andhra Pradesh",1107852,1876698,"928.4","113144924.8","288041.52","1.820454545",NULL
769,"Dry chillies",2001,"Kharif     ","Andhra Pradesh",170661,463307,"928.4","17429607.93","44371.86","2.497272727",NULL
770,"Dry chillies",2001,"Rabi       ","Andhra Pradesh",54167,128104,"928.4","5532075.71","14083.42","2.276363636",NULL
773,"Gram",2001,"Rabi       ","Andhra Pradesh",285086,363033,"928.4","29115833.18","74122.36","1.419",NULL
774,"Groundnut",2001,"Kharif     ","Andhra Pradesh",1438665,817551,"928.4","146930856.5","374052.9","0.83",NULL
775,"Groundnut",2001,"Rabi       ","Andhra Pradesh",252453,432682,"928.4","25783024.89","65637.78","1.765454545",NULL
776,"Horse-gram",2001,"Kharif     ","Andhra Pradesh",11412,4417,"928.4","1165507.56","2967.12","0.368888889",NULL
777,"Horse-gram",2001,"Rabi       ","Andhra Pradesh",68927,34846,"928.4","7039514.51","17921.02","0.458095238",NULL
778,"Jowar",2001,"Kharif     ","Andhra Pradesh",299306,287310,"928.4","30568121.78","77819.56","0.838095238",NULL
779,"Jowar",2001,"Rabi       ","Andhra Pradesh",340023,346741,"928.4","34726548.99","88405.98","0.854090909",NULL
780,"Linseed",2001,"Rabi       ","Andhra Pradesh",5872,1419,"928.4","599707.36","1526.72","0.218333333",NULL
781,"Maize",2001,"Kharif     ","Andhra Pradesh",337533,986011,"928.4","34472245.29","87758.58","2.801818182",NULL
782,"Maize",2001,"Rabi       ","Andhra Pradesh",90752,470744,"928.4","9268501.76","23595.52","5.592857143",NULL
783,"Mesta",2001,"Kharif     ","Andhra Pradesh",78942,671542,"928.4","8062346.46","20524.92","8.370909091",NULL
784,"Moong(Green Gram)",2001,"Kharif     ","Andhra Pradesh",338337,113312,"928.4","34554357.81","87967.62","0.408636364",NULL
785,"Moong(Green Gram)",2001,"Rabi       ","Andhra Pradesh",137698,42031,"928.4","14063096.74","35801.48","0.351",NULL
786,"Niger seed",2001,"Kharif     ","Andhra Pradesh",19090,8017,"928.4","1949661.7","4963.4","0.38",NULL
787,"Onion",2001,"Kharif     ","Andhra Pradesh",17736,234978,"928.4","1811377.68","4611.36","12.74411765",NULL
788,"Onion",2001,"Rabi       ","Andhra Pradesh",14089,324477,"928.4","1438909.57","3663.14","21.08136364",NULL
789,"Other  Rabi pulses",2001,"Rabi       ","Andhra Pradesh",13750,5012,"928.4","1404287.5","3575","0.510666667",NULL
790,"Other Kharif pulses",2001,"Kharif     ","Andhra Pradesh",17331,4573,"928.4","1770015.03","4506.06","0.314210526",NULL
792,"Ragi",2001,"Kharif     ","Andhra Pradesh",68733,80097,"928.4","7019701.29","17870.58","1.252666667",NULL
793,"Ragi",2001,"Rabi       ","Andhra Pradesh",12994,22707,"928.4","1327077.22","3378.44","1.738",NULL
795,"Rice",2001,"Kharif     ","Andhra Pradesh",2426073,6500545,"928.4","247774835.5","630778.98","2.627272727",NULL
796,"Rice",2001,"Rabi       ","Andhra Pradesh",1398674,4889246,"928.4","142846575.6","363655.24","3.025909091",NULL
797,"Safflower",2001,"Rabi       ","Andhra Pradesh",19728,5920,"928.4","2014820.64","5129.28","0.303",NULL
798,"Sesamum",2001,"Kharif     ","Andhra Pradesh",92861,16651,"928.4","9483893.93","24143.86","0.168095238",NULL
799,"Sesamum",2001,"Rabi       ","Andhra Pradesh",39475,10049,"928.4","4031581.75","10263.5","0.283684211",NULL
800,"Small millets",2001,"Kharif     ","Andhra Pradesh",56370,33223,"928.4","5757068.1","14656.2","0.469285714",NULL
802,"Sugarcane",2001,"Whole Year ","Andhra Pradesh",218298,18081889,"928.4","22294774.74","56757.48","84.989",NULL
803,"Sunflower",2001,"Kharif     ","Andhra Pradesh",267613,219397,"928.4","27331315.69","69579.38","0.986111111",NULL
805,"Tapioca",2001,"Whole Year ","Andhra Pradesh",17694,146361,"928.4","1807088.22","4600.44","7.83",NULL
806,"Tobacco",2001,"Whole Year ","Andhra Pradesh",188936,418057,"928.4","19296033.68","49123.36","2.97047619",NULL
807,"Urad",2001,"Kharif     ","Andhra Pradesh",107061,44570,"928.4","10934139.93","27835.86","0.388095238",NULL
808,"Urad",2001,"Rabi       ","Andhra Pradesh",519831,338499,"928.4","53090340.03","135156.06","0.439545455",NULL
809,"Wheat",2001,"Rabi       ","Andhra Pradesh",13793,9486,"928.4","1408679.09","3586.18","0.6275",NULL
845,"Cashewnut",2001,"Whole Year ","Goa",54060,22976,"2530.6","5521147.8","14055.6","0.43",NULL
846,"Coconut ",2001,"Whole Year ","Goa",25025,125120000,"2530.6","2555803.25","6506.5","4999.8",NULL
849,"Other  Rabi pulses",2001,"Rabi       ","Goa",8944,8085,"2530.6","913450.72","2325.44","0.9",NULL
852,"Rice",2001,"Kharif     ","Goa",32746,79071,"2530.6","3344348.98","8513.96","2.41",NULL
853,"Rice",2001,"Rabi       ","Goa",16637,47452,"2530.6","1699136.81","4325.62","2.85",NULL
855,"Arecanut",2001,"Whole Year ","Karnataka",136065,182800,"1002.9","13896318.45","35376.9","1.292",NULL
856,"Arhar/Tur",2001,"Kharif     ","Karnataka",482100,147437,"1002.9","49236873","125346","0.37625",NULL
857,"Bajra",2001,"Kharif     ","Karnataka",208213,111091,"1002.9","21264793.69","54135.38","0.510666667",NULL
860,"Black pepper",2001,"Whole Year ","Karnataka",9699,22185,"1002.9","990558.87","2521.74","2.213846154",NULL
861,"Castor seed",2001,"Kharif     ","Karnataka",21799,16137,"1002.9","2226331.87","5667.74","0.704",NULL
862,"Coconut ",2001,"Whole Year ","Karnataka",369828,1503638,"1002.9","37770533.64","96155.28","4164.951481",NULL
863,"Coriander",2001,"Whole Year ","Karnataka",11307,1845,"1002.9","1154783.91","2939.82","0.116818182",NULL
864,"Cotton(lint)",2001,"Kharif     ","Karnataka",608479,612415,"1002.9","62143960.27","158204.54","1.221428571",NULL
865,"Dry chillies",2001,"Whole Year ","Karnataka",193067,126395,"1002.9","19717932.71","50197.42","1.082962963",NULL
866,"Ginger",2001,"Kharif     ","Karnataka",10677,140539,"1002.9","1090442.01","2776.02","12.86277778",NULL
867,"Gram",2001,"Rabi       ","Karnataka",479703,281635,"1002.9","48992067.39","124722.78","0.534090909",NULL
868,"Groundnut",2001,"Kharif     ","Karnataka",854741,585707,"1002.9","87294698.33","222232.66","0.843846154",NULL
869,"Horse-gram",2001,"Kharif     ","Karnataka",155207,81931,"1002.9","15851290.91","40353.82","0.5225",NULL
870,"Horse-gram",2001,"Rabi       ","Karnataka",188076,67105,"1002.9","19208201.88","48899.76","0.3728",NULL
871,"Jowar",2001,"Kharif     ","Karnataka",303308,379303,"1002.9","30976846.04","78860.08","1.202857143",NULL
872,"Jowar",2001,"Rabi       ","Karnataka",1481089,980378,"1002.9","151263619.6","385083.14","0.604736842",NULL
873,"Jowar",2001,"Summer     ","Karnataka",6418,12385,"1002.9","655470.34","1668.68","1.951538462",NULL
874,"Linseed",2001,"Rabi       ","Karnataka",19611,6581,"1002.9","2002871.43","5098.86","0.329285714",NULL
875,"Maize",2001,"Kharif     ","Karnataka",505574,1274858,"1002.9","51634272.62","131449.24","2.663333333",NULL
876,"Maize",2001,"Rabi       ","Karnataka",65189,152769,"1002.9","6657752.57","16949.14","2.279",NULL
877,"Maize",2001,"Summer     ","Karnataka",9272,23960,"1002.9","946949.36","2410.72","2.6265",NULL
879,"Moong(Green Gram)",2001,"Kharif     ","Karnataka",251332,65336,"1002.9","25668537.16","65346.32","0.31826087",NULL
880,"Moong(Green Gram)",2001,"Rabi       ","Karnataka",7111,2090,"1002.9","726246.43","1848.86","0.282941176",NULL
881,"Niger seed",2001,"Kharif     ","Karnataka",36198,7034,"1002.9","3696901.74","9411.48","0.213043478",NULL
882,"Onion",2001,"Whole Year ","Karnataka",125815,721033,"1002.9","12849485.95","32711.9","7.9108",NULL
883,"Other  Rabi pulses",2001,"Rabi       ","Karnataka",29824,3478,"1002.9","3045925.12","7754.24","0.12037037",NULL
884,"Other Kharif pulses",2001,"Kharif     ","Karnataka",137310,42618,"1002.9","14023470.3","35700.6","0.2764",NULL
885,"Peas & beans (Pulses)",2001,"Whole Year ","Karnataka",6974,42197,"1002.9","712254.62","1813.24","6.209444444",NULL
886,"Potato",2001,"Whole Year ","Karnataka",39156,473407,"1002.9","3999002.28","10180.56","12.815",NULL
887,"Ragi",2001,"Kharif     ","Karnataka",903752,1478594,"1002.9","92300191.76","234975.52","1.457368421",NULL
888,"Ragi",2001,"Rabi       ","Karnataka",40407,46560,"1002.9","4126766.91","10505.82","1.212307692",NULL
889,"Ragi",2001,"Summer     ","Karnataka",9271,14154,"1002.9","946847.23","2410.46","1.545833333",NULL
890,"Rapeseed &Mustard",2001,"Rabi       ","Karnataka",7063,1905,"1002.9","721344.19","1836.38","0.221764706",NULL
891,"Rice",2001,"Kharif     ","Karnataka",1087967,2393946,"1002.9","111114069.7","282871.42","2.154814815",NULL
892,"Rice",2001,"Rabi       ","Karnataka",53480,99699,"1002.9","5461912.4","13904.8","1.840714286",NULL
893,"Rice",2001,"Summer     ","Karnataka",276277,740400,"1002.9","28216170.01","71832.02","2.4368",NULL
894,"Safflower",2001,"Rabi       ","Karnataka",92029,72794,"1002.9","9398921.77","23927.54","0.714666667",NULL
896,"Sesamum",2001,"Kharif     ","Karnataka",73064,27086,"1002.9","7462026.32","18996.64","0.386",NULL
897,"Small millets",2001,"Kharif     ","Karnataka",70091,36856,"1002.9","7158393.83","18223.66","0.609545455",NULL
898,"Soyabean",2001,"Kharif     ","Karnataka",48444,40217,"1002.9","4947585.72","12595.44","0.808",NULL
899,"Sugarcane",2001,"Whole Year ","Karnataka",406950,33016618,"1002.9","41561803.5","105807","84.00269231",NULL
900,"Sunflower",2001,"Kharif     ","Karnataka",124184,59516,"1002.9","12682911.92","32287.84","0.520833333",NULL
901,"Sunflower",2001,"Rabi       ","Karnataka",418198,168890,"1002.9","42710561.74","108731.48","0.556363636",NULL
902,"Sunflower",2001,"Summer     ","Karnataka",41936,34270,"1002.9","4282923.68","10903.36","0.820526316",NULL
903,"Turmeric",2001,"Whole Year ","Karnataka",7058,36369,"1002.9","720833.54","1835.08","4.797272727",NULL
904,"Urad",2001,"Kharif     ","Karnataka",150588,55626,"1002.9","15379552.44","39152.88","0.347619048",NULL
905,"Urad",2001,"Rabi       ","Karnataka",11853,4448,"1002.9","1210546.89","3081.78","0.347142857",NULL
906,"Wheat",2001,"Rabi       ","Karnataka",260486,198822,"1002.9","26603435.18","67726.36","0.777333333",NULL
907,"Arecanut",2001,"Whole Year ","Kerala",93193,84679,"2946.7","9517801.09","24230.18","0.772857143",NULL
908,"Banana",2001,"Whole Year ","Kerala",50871,375903,"2946.7","5195455.23","13226.46","7.347857143",NULL
909,"Black pepper",2001,"Whole Year ","Kerala",203956,58240,"2946.7","20830026.28","53028.56","0.214285714",NULL
910,"Cardamom",2001,"Whole Year ","Kerala",41336,8380,"2946.7","4221645.68","10747.36","0.057272727",NULL
911,"Cashewnut",2001,"Whole Year ","Kerala",89718,65867,"2946.7","9162899.34","23326.68","0.525",NULL
912,"Coconut ",2001,"Whole Year ","Kerala",905718,547900,"2946.7","92500979.34","235486.68","5636.355",NULL
915,"Ginger",2001,"Whole Year ","Kerala",10706,40181,"2946.7","1093403.78","2783.56","3.167857143",NULL
919,"Rice",2001,"Autumn     ","Kerala",116540,235838,"2946.7","11902230.2","30300.4","1.886923077",NULL
920,"Rice",2001,"Summer     ","Kerala",43850,105032,"2946.7","4478400.5","11401","2.151428571",NULL
921,"Rice",2001,"Winter     ","Kerala",161978,362634,"2946.7","16542813.14","42114.28","2.153571429",NULL
925,"Tapioca",2001,"Whole Year ","Kerala",111189,2455880,"2946.7","11355732.57","28909.14","23.09642857",NULL
928,"Arecanut",2001,"Whole Year ","Meghalaya",11128,14101,"4241","1136502.64","2893.28","1.185714286",NULL
931,"Cotton(lint)",2001,"Kharif     ","Meghalaya",7323,7873,"4241","747897.99","1903.98","1.05",NULL
933,"Ginger",2001,"Kharif     ","Meghalaya",8897,36590,"4241","908650.61","2313.22","5.837142857",NULL
936,"Maize",2001,"Kharif     ","Meghalaya",16866,25247,"4241","1722524.58","4385.16","1.471428571",NULL
938,"Potato",2001,"Whole Year ","Meghalaya",18151,159032,"4241","1853761.63","4719.26","7.288571429",NULL
939,"Rapeseed &Mustard",2001,"Rabi       ","Meghalaya",7156,4782,"4241","730842.28","1860.56","0.581428571",NULL
940,"Rice",2001,"Kharif     ","Meghalaya",107761,188971,"4241","11005630.93","28017.86","1.751428571",NULL
965,"Rice",2001,"Kharif     ","Puducherry",26263,66868,"1434.5875","2682240.19","6828.38","2.415",NULL
969,"Arecanut",2001,"Whole Year ","West Bengal",9276,14885,"1556.6","947357.88","2411.76","1.861764706",NULL
975,"Coconut ",2001,"Whole Year ","West Bengal",38404,3316,"1556.6","3922200.52","9985.04","12368.60944",NULL
977,"Dry chillies",2001,"Whole Year ","West Bengal",60998,54530,"1556.6","6229725.74","15859.48","0.937777778",NULL
978,"Ginger",2001,"Kharif     ","West Bengal",8133,16070,"1556.6","830623.29","2114.58","1.52",NULL
979,"Gram",2001,"Rabi       ","West Bengal",50832,43235,"1556.6","5191472.16","13216.32","0.819285714",NULL
981,"Groundnut",2001,"Rabi       ","West Bengal",8679,11650,"1556.6","886386.27","2256.54","1.285384615",NULL
982,"Groundnut",2001,"Summer     ","West Bengal",26029,41879,"1556.6","2658341.77","6767.54","1.385",NULL
985,"Jute",2001,"Kharif     ","West Bengal",651814,8836168,"1556.6","66569763.82","169471.64","15.42705882",NULL
986,"Khesari",2001,"Rabi       ","West Bengal",34665,28701,"1556.6","3540336.45","9012.9","0.82625",NULL
987,"Linseed",2001,"Rabi       ","West Bengal",11334,4655,"1556.6","1157541.42","2946.84","0.371428571",NULL
988,"Maize",2001,"Kharif     ","West Bengal",33288,86409,"1556.6","3399703.44","8654.88","2.314285714",NULL
989,"Masoor",2001,"Rabi       ","West Bengal",71377,37422,"1556.6","7289733.01","18558.02","0.574705882",NULL
990,"Mesta",2001,"Kharif     ","West Bengal",10632,91297,"1556.6","1085846.16","2764.32","7.960833333",NULL
993,"Moong(Green Gram)",2001,"Summer     ","West Bengal",8468,4733,"1556.6","864836.84","2201.68","0.549444444",NULL
994,"Niger seed",2001,"Kharif     ","West Bengal",6362,3229,"1556.6","649751.06","1654.12","0.466666667",NULL
996,"Peas & beans (Pulses)",2001,"Rabi       ","West Bengal",8836,5602,"1556.6","902420.68","2297.36","0.596666667",NULL
997,"Potato",2001,"Whole Year ","West Bengal",299821,7822363,"1556.6","30620718.73","77953.46","21.95444444",NULL
